{
  "panel_1": {
    "status": "ok",
    "data": {
      "fcfe1ea2-24a0-4d77-b4be-54324271d07d": {
        "iterations": [
          0,
          1,
          2,
          3
        ],
        "f1": [
          0.0,
          0.0,
          0.0,
          0.0
        ]
      },
      "ddaa6469-2190-4ee0-8259-c08592c959c6": {
        "iterations": [
          0,
          1,
          2
        ],
        "f1": [
          0.0,
          0.0,
          0.0
        ]
      },
      "3fc6c91f-78a7-408c-9299-6b50b2da5fbf": {
        "iterations": [
          0,
          1,
          2,
          3,
          4
        ],
        "f1": [
          0.0,
          0.0,
          0.0,
          0.0,
          0.0
        ]
      },
      "0bc36e1c-0000-4149-8b9a-18df6d36d986": {
        "iterations": [
          0,
          1,
          2
        ],
        "f1": [
          0.0,
          0.0,
          0.0
        ]
      },
      "7b08cdbe-0e3d-4d24-8e65-587b4e3d03eb": {
        "iterations": [
          0,
          1,
          2,
          3
        ],
        "f1": [
          0.0,
          0.0,
          0.0,
          0.0
        ]
      },
      "5c074d69-f0af-4e3c-b422-8219aa70c1fa": {
        "iterations": [
          0,
          1,
          2,
          3,
          4
        ],
        "f1": [
          0.0,
          0.0,
          0.0,
          0.0,
          0.0
        ]
      },
      "d2a23c77-d30c-4a00-8e41-919fabbd30eb": {
        "iterations": [
          0,
          1,
          2
        ],
        "f1": [
          0.0,
          0.0,
          0.0
        ]
      },
      "afde88fd-d1e7-4530-9970-32ff6bf38a27": {
        "iterations": [
          0,
          1,
          2,
          3,
          4,
          5
        ],
        "f1": [
          0.0,
          0.0,
          0.0,
          0.0,
          0.0,
          0.0
        ]
      }
    }
  },
  "panel_2": {
    "status": "ok",
    "brier": 0.5554087378640776,
    "ece": 0.6072815533980583,
    "n_findings": 103,
    "bin_data": [
      [
        0.65,
        0.0,
        "3"
      ],
      [
        0.7710344827586207,
        0.3793103448275862,
        "29"
      ],
      [
        0.8722388059701491,
        0.1791044776119403,
        "67"
      ],
      [
        0.95,
        0.25,
        "4"
      ]
    ]
  },
  "panel_3": {
    "status": "ok",
    "run_id": "74ca7f9f-8438-4a2d-ab17-9f7b8c2143be",
    "f1_series": [
      0.0,
      0.0,
      0.0,
      0.6,
      0.6
    ],
    "deltas": [
      0.0,
      0.0,
      0.0,
      0.6,
      0.0
    ]
  },
  "panel_4": {
    "status": "ok",
    "points": [
      {
        "cost": 0.120759,
        "f1": 0.6,
        "label": "v2 iter=15",
        "is_v1": false
      },
      {
        "cost": 0.12433499999999999,
        "f1": 0.6,
        "label": "v2 iter=15",
        "is_v1": false
      },
      {
        "cost": 0.17664000000000002,
        "f1": 0.6,
        "label": "v2 iter=15",
        "is_v1": false
      },
      {
        "cost": 0.12567599999999998,
        "f1": 0.7273,
        "label": "v2 iter=1",
        "is_v1": false
      },
      {
        "cost": 0.154893,
        "f1": 0.6667,
        "label": "v2 iter=10",
        "is_v1": false
      },
      {
        "cost": 0.12891,
        "f1": 0.7273,
        "label": "v2 iter=3",
        "is_v1": false
      },
      {
        "cost": 0.154158,
        "f1": 0.6,
        "label": "v2 iter=5",
        "is_v1": false
      },
      {
        "cost": 0.128049,
        "f1": 0.7273,
        "label": "v2 iter=15",
        "is_v1": false
      },
      {
        "cost": 0.122256,
        "f1": 0.6,
        "label": "v2 iter=15",
        "is_v1": false
      },
      {
        "cost": 0.16265399999999997,
        "f1": 0.7273,
        "label": "v2 iter=15",
        "is_v1": false
      },
      {
        "cost": 0.16422,
        "f1": 0.7273,
        "label": "v2 iter=1",
        "is_v1": false
      },
      {
        "cost": 0.158631,
        "f1": 0.8,
        "label": "v2 iter=10",
        "is_v1": false
      },
      {
        "cost": 0.166962,
        "f1": 0.6667,
        "label": "v2 iter=3",
        "is_v1": false
      },
      {
        "cost": 0.131238,
        "f1": 0.7273,
        "label": "v2 iter=5",
        "is_v1": false
      },
      {
        "cost": 0.12809700000000002,
        "f1": 0.7273,
        "label": "v2 iter=15",
        "is_v1": false
      },
      {
        "cost": 0.162135,
        "f1": 0.7273,
        "label": "v2 iter=15",
        "is_v1": false
      },
      {
        "cost": 0.23367300000000002,
        "f1": 0.6667,
        "label": "v2 iter=15",
        "is_v1": false
      },
      {
        "cost": 0.128952,
        "f1": 0.8,
        "label": "v2 iter=1",
        "is_v1": false
      },
      {
        "cost": 0.1641,
        "f1": 0.7273,
        "label": "v2 iter=10",
        "is_v1": false
      },
      {
        "cost": 0.156978,
        "f1": 0.6667,
        "label": "v2 iter=3",
        "is_v1": false
      },
      {
        "cost": 0.162924,
        "f1": 0.8,
        "label": "v2 iter=5",
        "is_v1": false
      },
      {
        "cost": 1.1060610000000002,
        "f1": 0.0,
        "label": "2c72caf2",
        "is_v1": false
      },
      {
        "cost": 0.19539600000000001,
        "f1": 0.0,
        "label": "afde88fd",
        "is_v1": false
      },
      {
        "cost": 0.0,
        "f1": 0.0,
        "label": "v2 iter=15",
        "is_v1": false
      },
      {
        "cost": 0.0,
        "f1": 0.0,
        "label": "v2 iter=15",
        "is_v1": false
      },
      {
        "cost": 0.0,
        "f1": 0.0,
        "label": "v2 iter=15",
        "is_v1": false
      },
      {
        "cost": 0.0,
        "f1": 0.7273,
        "label": "v2 iter=15",
        "is_v1": false
      },
      {
        "cost": 0.0,
        "f1": 0.0,
        "label": "v2 iter=15",
        "is_v1": false
      },
      {
        "cost": 0.0,
        "f1": 0.0,
        "label": "v2 iter=15",
        "is_v1": false
      },
      {
        "cost": 0.0,
        "f1": 0.0,
        "label": "v2 iter=15",
        "is_v1": false
      },
      {
        "cost": 0.0,
        "f1": 0.0,
        "label": "v2 iter=15",
        "is_v1": false
      },
      {
        "cost": 0.0,
        "f1": 0.0,
        "label": "v2 iter=15",
        "is_v1": false
      },
      {
        "cost": 0.0,
        "f1": 0.0,
        "label": "v2 iter=15",
        "is_v1": false
      },
      {
        "cost": 0.0,
        "f1": 0.0,
        "label": "v2 iter=15",
        "is_v1": false
      },
      {
        "cost": 0.0,
        "f1": 0.0,
        "label": "v2 iter=15",
        "is_v1": false
      },
      {
        "cost": 0.0,
        "f1": 0.0,
        "label": "v2 iter=1",
        "is_v1": false
      },
      {
        "cost": 0.0,
        "f1": 0.0,
        "label": "v2 iter=1",
        "is_v1": false
      },
      {
        "cost": 0.0,
        "f1": 0.0,
        "label": "v2 iter=1",
        "is_v1": false
      },
      {
        "cost": 0.0,
        "f1": 0.0,
        "label": "v2 iter=1",
        "is_v1": false
      },
      {
        "cost": 0.0,
        "f1": 0.0,
        "label": "v2 iter=1",
        "is_v1": false
      },
      {
        "cost": 0.0,
        "f1": 0.0,
        "label": "v2 iter=1",
        "is_v1": false
      },
      {
        "cost": 0.0,
        "f1": 0.0,
        "label": "v2 iter=10",
        "is_v1": false
      },
      {
        "cost": 0.0,
        "f1": 0.0,
        "label": "v2 iter=10",
        "is_v1": false
      },
      {
        "cost": 0.0,
        "f1": 0.0,
        "label": "v2 iter=10",
        "is_v1": false
      },
      {
        "cost": 0.0,
        "f1": 0.0,
        "label": "v2 iter=10",
        "is_v1": false
      },
      {
        "cost": 0.0,
        "f1": 0.0,
        "label": "v2 iter=10",